
-- Database Backup --
-- Ver. : 1.0.1
-- Host : Server Host
-- Generating Time : Oct 25, 2023 at 10:55:08:AM


CREATE TABLE `bayar` (
  `id_bayar` int(10) NOT NULL AUTO_INCREMENT,
  `id_siswa` int(10) NOT NULL,
  `id_bayar_metode` int(10) NOT NULL,
  `keterangan` text NOT NULL,
  `bukti` varchar(255) NOT NULL,
  `status_verifikasi` varchar(200) NOT NULL,
  `nominal_bayar` int(100) NOT NULL,
  `tanggal_bayar` date NOT NULL,
  `dibuat_pada` datetime NOT NULL DEFAULT current_timestamp(),
  `diubah_pada` datetime NOT NULL DEFAULT current_timestamp(),
  `dihapus_pada` datetime DEFAULT NULL,
  PRIMARY KEY (`id_bayar`)
) ENGINE=InnoDB AUTO_INCREMENT=22 DEFAULT CHARSET=utf8mb4;

INSERT INTO bayar VALUES
("1","22","1","Via BCA","2023_10_12_05_28_06.456583938.jpeg","Sudah Verifikasi","446000","2023-10-12","2023-10-12 10:28:06","2023-10-12 10:28:06",""),
("2","22","1","Via BCA","2023_10_12_05_36_58.456583938.jpeg","Sudah Verifikasi","2000000","2023-10-12","2023-10-12 10:36:58","2023-10-12 10:36:58",""),
("3","22","1","Via BCA","2023_10_17_04_47_22.067574200_1664175342-Vario2.webp","Sudah Verifikasi","500000","2023-10-17","2023-10-17 09:47:22","2023-10-17 09:47:22",""),
("4","4","1","Via BCA","2023_10_19_05_27_37.2020_Yamaha_NMAX_155_ABS_(20200810)_01.jpg","Sudah Verifikasi","446000","2023-10-19","2023-10-19 10:27:37","2023-10-19 10:27:37",""),
("5","4","1","Via BCA","2023_10_19_05_28_14.2022_Toyota_Kijang_Innova_Zenix_V_(Indonesia)_front_view.jpg","Sudah Verifikasi","446000","2023-09-06","2023-10-19 10:28:14","2023-10-19 10:28:14",""),
("6","5","1","Via BCA","2023_10_19_05_29_06.1316969.jpg","Sudah Verifikasi","1000000","2023-10-19","2023-10-19 10:29:06","2023-10-19 10:29:06",""),
("7","5","1","Via BCA","2023_10_19_05_29_54.067574200_1664175342-Vario2.webp","Sudah Verifikasi","466000","2023-09-20","2023-10-19 10:29:54","2023-10-19 10:29:54",""),
("8","6","1","Via BCA","2023_10_19_05_30_37.1316969.jpg","Sudah Verifikasi","1000000","2023-10-19","2023-10-19 10:30:37","2023-10-19 10:30:37",""),
("9","6","1","Via BCA","2023_10_19_05_31_25.456583938.jpeg","Sudah Verifikasi","446000","2023-10-15","2023-10-19 10:31:25","2023-10-19 10:31:25",""),
("10","7","1","Via BCA","2023_10_19_05_32_00.067574200_1664175342-Vario2.webp","Sudah Verifikasi","1000000","2023-10-19","2023-10-19 10:32:00","2023-10-19 10:32:00",""),
("11","7","1","Via BCA","2023_10_19_05_32_29.456583938.jpeg","Sudah Verifikasi","1000000","2023-10-31","2023-10-19 10:32:29","2023-10-19 10:32:29",""),
("12","23","1","Via BCA","2023_10_19_05_33_03.067574200_1664175342-Vario2.webp","Sudah Verifikasi","1500000","2023-10-19","2023-10-19 10:33:03","2023-10-19 10:33:03",""),
("13","23","1","Via BCA","2023_10_19_05_33_38.876ba6261b51985f65502bcfe0fd427f.jpg","Sudah Verifikasi","446000","2023-10-28","2023-10-19 10:33:38","2023-10-19 10:33:38",""),
("14","10","1","Via BCA","2023_10_19_05_34_12.1316969.jpg","Sudah Verifikasi","446000","2023-10-19","2023-10-19 10:34:12","2023-10-19 10:34:12",""),
("15","10","1","Via BCA","2023_10_19_05_34_50.1639025819_review-toyota-all-new-avanza-2021-mpv-murah-bertaburkan-banyak-fitur.webp","Sudah Verifikasi","500000","2023-10-19","2023-10-19 10:34:50","2023-10-19 10:34:50",""),
("16","7","1","Via BCA","2023_10_19_05_35_20.067574200_1664175342-Vario2.webp","Sudah Verifikasi","2000000","2023-10-01","2023-10-19 10:35:20","2023-10-19 10:35:20",""),
("17","9","1","Via BCA","2023_10_19_05_35_59.HOTCIG-R234-MOD-AUTHENTIC.jpg","Sudah Verifikasi","2000000","2023-10-19","2023-10-19 10:35:59","2023-10-19 10:35:59",""),
("18","11","1","Via BCA","2023_10_19_05_36_34.067574200_1664175342-Vario2.webp","Sudah Verifikasi","900000","2023-10-19","2023-10-19 10:36:34","2023-10-19 10:36:34",""),
("19","12","1","Via BCA","2023_10_19_05_37_08.067574200_1664175342-Vario2.webp","Sudah Verifikasi","1000000","2023-10-19","2023-10-19 10:37:08","2023-10-19 10:37:08",""),
("20","17","1","Via BCA","2023_10_19_05_37_42.1316969.jpg","Sudah Verifikasi","2000000","2023-10-19","2023-10-19 10:37:42","2023-10-19 10:37:42",""),
("21","4","1","Via BCA","2023_10_19_05_50_13.067574200_1664175342-Vario2.webp","Sudah Verifikasi","1000000","2023-09-10","2023-10-19 10:50:13","2023-10-19 10:50:13","");

CREATE TABLE `bayar_alokasi` (
  `id_bayar_alokasi` int(10) NOT NULL AUTO_INCREMENT,
  `id_bayar` int(10) NOT NULL,
  `id_tagihan` int(10) NOT NULL,
  `total_alokasi` int(17) NOT NULL,
  `dialokasikan_oleh` varchar(100) NOT NULL,
  `dibuat_pada` datetime NOT NULL DEFAULT current_timestamp(),
  `diubah_pada` datetime NOT NULL DEFAULT current_timestamp(),
  `dihapus_pada` datetime DEFAULT NULL,
  PRIMARY KEY (`id_bayar_alokasi`)
) ENGINE=InnoDB AUTO_INCREMENT=43 DEFAULT CHARSET=utf8mb4;

INSERT INTO bayar_alokasi VALUES
("1","1","225","446000","Otomatis Oleh Sistem","2023-10-12 10:33:55","2023-10-12 10:33:55",""),
("2","2","226","446000","Otomatis Oleh Sistem","2023-10-12 10:38:30","2023-10-12 10:38:30",""),
("3","2","227","446000","Otomatis Oleh Sistem","2023-10-12 10:38:30","2023-10-12 10:38:30",""),
("4","2","237","1108000","Otomatis Oleh Sistem","2023-10-12 10:38:30","2023-10-12 10:38:30",""),
("5","3","237","500000","Otomatis Oleh Sistem","2023-10-17 09:47:22","2023-10-17 09:47:22",""),
("6","4","2","446000","Otomatis Oleh Sistem","2023-10-19 10:27:38","2023-10-19 10:27:38",""),
("7","5","3","446000","Otomatis Oleh Sistem","2023-10-19 10:28:14","2023-10-19 10:28:14",""),
("8","6","16","446000","Otomatis Oleh Sistem","2023-10-19 10:29:06","2023-10-19 10:29:06",""),
("9","6","17","446000","Otomatis Oleh Sistem","2023-10-19 10:29:07","2023-10-19 10:29:07",""),
("10","6","27","108000","Otomatis Oleh Sistem","2023-10-19 10:29:07","2023-10-19 10:29:07",""),
("11","7","27","466000","Otomatis Oleh Sistem","2023-10-19 10:29:54","2023-10-19 10:29:54",""),
("12","8","30","446000","Otomatis Oleh Sistem","2023-10-19 10:30:37","2023-10-19 10:30:37",""),
("13","8","31","446000","Otomatis Oleh Sistem","2023-10-19 10:30:37","2023-10-19 10:30:37",""),
("14","8","41","108000","Otomatis Oleh Sistem","2023-10-19 10:30:37","2023-10-19 10:30:37",""),
("15","9","41","446000","Otomatis Oleh Sistem","2023-10-19 10:31:25","2023-10-19 10:31:25",""),
("16","10","44","446000","Otomatis Oleh Sistem","2023-10-19 10:32:00","2023-10-19 10:32:00",""),
("17","10","45","446000","Otomatis Oleh Sistem","2023-10-19 10:32:00","2023-10-19 10:32:00",""),
("18","10","55","108000","Otomatis Oleh Sistem","2023-10-19 10:32:00","2023-10-19 10:32:00",""),
("19","11","55","1000000","Otomatis Oleh Sistem","2023-10-19 10:32:29","2023-10-19 10:32:29",""),
("20","12","240","446000","Otomatis Oleh Sistem","2023-10-19 10:33:03","2023-10-19 10:33:03",""),
("21","12","241","446000","Otomatis Oleh Sistem","2023-10-19 10:33:04","2023-10-19 10:33:04",""),
("22","12","251","608000","Otomatis Oleh Sistem","2023-10-19 10:33:04","2023-10-19 10:33:04",""),
("23","13","251","446000","Otomatis Oleh Sistem","2023-10-19 10:33:39","2023-10-19 10:33:39",""),
("24","14","72","446000","Otomatis Oleh Sistem","2023-10-19 10:34:12","2023-10-19 10:34:12",""),
("25","15","73","446000","Otomatis Oleh Sistem","2023-10-19 10:34:50","2023-10-19 10:34:50",""),
("26","15","83","54000","Otomatis Oleh Sistem","2023-10-19 10:34:50","2023-10-19 10:34:50",""),
("27","16","55","1392000","Otomatis Oleh Sistem","2023-10-19 10:35:20","2023-10-19 10:35:20",""),
("28","16","43","446001","Otomatis Oleh Sistem","2023-10-19 10:35:20","2023-10-19 10:35:20",""),
("29","16","46","161999","Otomatis Oleh Sistem","2023-10-19 10:35:20","2023-10-19 10:35:20",""),
("30","17","58","446000","Otomatis Oleh Sistem","2023-10-19 10:35:59","2023-10-19 10:35:59",""),
("31","17","59","446000","Otomatis Oleh Sistem","2023-10-19 10:35:59","2023-10-19 10:35:59",""),
("32","17","69","1108000","Otomatis Oleh Sistem","2023-10-19 10:35:59","2023-10-19 10:35:59",""),
("33","18","86","446000","Otomatis Oleh Sistem","2023-10-19 10:36:35","2023-10-19 10:36:35",""),
("34","18","87","446000","Otomatis Oleh Sistem","2023-10-19 10:36:35","2023-10-19 10:36:35",""),
("35","18","97","8000","Otomatis Oleh Sistem","2023-10-19 10:36:35","2023-10-19 10:36:35",""),
("36","19","100","446000","Otomatis Oleh Sistem","2023-10-19 10:37:08","2023-10-19 10:37:08",""),
("37","19","101","446000","Otomatis Oleh Sistem","2023-10-19 10:37:08","2023-10-19 10:37:08",""),
("38","19","111","108000","Otomatis Oleh Sistem","2023-10-19 10:37:08","2023-10-19 10:37:08",""),
("39","20","156","446000","Otomatis Oleh Sistem","2023-10-19 10:37:42","2023-10-19 10:37:42",""),
("40","20","157","446000","Otomatis Oleh Sistem","2023-10-19 10:37:42","2023-10-19 10:37:42",""),
("41","20","167","1108000","Otomatis Oleh Sistem","2023-10-19 10:37:42","2023-10-19 10:37:42",""),
("42","21","13","1000000","Otomatis Oleh Sistem","2023-10-19 10:50:13","2023-10-19 10:50:13","");

CREATE TABLE `bayar_metode` (
  `id_bayar_metode` int(10) NOT NULL AUTO_INCREMENT,
  `metode` varchar(100) NOT NULL,
  `nomor_rekening` varchar(100) NOT NULL,
  `dibuat_pada` datetime NOT NULL DEFAULT current_timestamp(),
  `diubah_pada` datetime NOT NULL DEFAULT current_timestamp(),
  `dihapus_pada` datetime DEFAULT NULL,
  PRIMARY KEY (`id_bayar_metode`)
) ENGINE=InnoDB AUTO_INCREMENT=3 DEFAULT CHARSET=utf8mb4;

INSERT INTO bayar_metode VALUES
("1","Transfer Ke Bank BTN Rekening SMK Triarma Jaya Badung","00555-0130-0000028","2023-09-19 07:51:03","2023-09-19 07:51:03",""),
("2","Transfer Ke BTN Rekening osis SMK Pariwisata Triatma Jaya Badung ","0055-0188-0000085","2023-09-19 07:52:54","2023-09-19 07:52:54","");

CREATE TABLE `biaya` (
  `id_biaya` int(50) NOT NULL AUTO_INCREMENT,
  `id_periode` int(50) NOT NULL,
  `deskripsi_biaya` varchar(200) NOT NULL,
  `jumlah_biaya` int(17) NOT NULL,
  `tanggal_jatuh_tempo` date NOT NULL,
  `tingkat` int(2) DEFAULT NULL,
  `id_jurusan` int(10) DEFAULT NULL,
  `dibuat_pada` datetime NOT NULL DEFAULT current_timestamp(),
  `diubah_pada` datetime NOT NULL DEFAULT current_timestamp(),
  `dihapus_pada` datetime DEFAULT NULL,
  PRIMARY KEY (`id_biaya`)
) ENGINE=InnoDB AUTO_INCREMENT=24 DEFAULT CHARSET=utf8mb4;

INSERT INTO biaya VALUES
("10","14","SPP Bulann Juli 2023","446001","2023-10-18","12","1","2023-08-30 10:42:02","2023-08-30 10:42:02",""),
("11","14","Spp Bulan Agustus 2023","446000","2023-08-20","12","1","2023-08-30 10:42:39","2023-08-30 10:42:39",""),
("12","14","SPP September 2023","446000","2023-09-20","12","1","2023-08-30 10:43:32","2023-08-30 10:43:32",""),
("13","14","SPP Bulan Oktober 2023","446000","2023-10-20","12","1","2023-08-30 10:44:43","2023-08-30 10:44:43",""),
("14","14","SPP Bulan November 2023","446000","2023-11-20","12","1","2023-08-30 10:46:12","2023-08-30 10:46:12",""),
("15","14","SPP Bulan Desember 2023","446000","2023-12-20","12","1","2023-08-30 10:47:06","2023-08-30 10:47:06",""),
("16","14","SPP Bulan Januari 2024","446000","2024-01-20","12","1","2023-08-30 10:47:58","2023-08-30 10:47:58",""),
("17","14","SPP Bulan Februari 2023","446000","2024-02-20","12","1","2023-08-30 10:50:13","2023-08-30 10:50:13",""),
("18","14","SPP Bulan Maret 2024","446000","2024-03-20","12","1","2023-08-30 10:51:09","2023-08-30 10:51:09",""),
("19","14","SPP Bulan April 2024","446000","2024-04-20","12","1","2023-08-30 10:51:53","2023-08-30 10:51:53",""),
("20","14","SPP Bulan Mei","446000","2024-05-20","12","1","2023-08-30 10:52:45","2023-08-30 10:52:45",""),
("21","14","SPP Bulan Juni 2024","446000","2024-06-20","12","1","2023-08-30 10:53:15","2023-08-30 10:53:15",""),
("22","14","Uang Studi Tour","2500000","2023-09-22","12","1","2023-08-30 11:09:06","2023-08-30 11:09:06",""),
("23","14","","0","0000-00-00","12","1","2023-09-07 10:26:24","2023-09-07 10:26:24","");

CREATE TABLE `jurusan` (
  `id_jurusan` int(10) NOT NULL AUTO_INCREMENT,
  `jurusan` varchar(100) NOT NULL,
  `dibuat_pada` datetime NOT NULL,
  `diubah_pada` datetime NOT NULL,
  `dihapus_pada` datetime DEFAULT NULL,
  PRIMARY KEY (`id_jurusan`)
) ENGINE=InnoDB AUTO_INCREMENT=5 DEFAULT CHARSET=utf8mb4;

INSERT INTO jurusan VALUES
("1","Pengembangan Prangkat Lunak Dan Gim (PPLG)\r\n","2023-09-05 02:13:29","2023-09-05 02:13:29",""),
("2","Kuliner ","2023-09-05 02:16:34","2023-09-05 02:16:34",""),
("3","Tata Kecantikan ","2023-09-05 02:17:00","2023-09-05 02:17:00",""),
("4","Perhotelan ","2023-09-05 02:17:17","2023-09-05 02:17:17","");

CREATE TABLE `periode` (
  `id_periode` int(20) NOT NULL AUTO_INCREMENT,
  `periode` varchar(100) NOT NULL,
  `tanggal_awal` date NOT NULL,
  `tanggal_akhir` date NOT NULL,
  `dibuat_pada` datetime NOT NULL DEFAULT current_timestamp(),
  `diubah_pada` datetime NOT NULL DEFAULT current_timestamp(),
  `dihapus_pada` datetime DEFAULT NULL,
  PRIMARY KEY (`id_periode`)
) ENGINE=InnoDB AUTO_INCREMENT=15 DEFAULT CHARSET=utf8mb4;

INSERT INTO periode VALUES
("6","Tahun Ajar 2022/2023","2022-07-01","2023-06-30","2023-08-22 11:30:52","2023-08-22 11:30:52",""),
("12","Tahun Ajaran 2020/2021 ","2023-08-12","2023-08-12","2023-08-24 10:58:27","2023-08-24 10:58:27",""),
("13","Tahun Ajaran 2020/2021 ","2023-08-19","2023-08-26","2023-08-24 11:04:55","2023-08-24 11:04:55",""),
("14","Tahun Ajaran 2023/2024","2023-08-19","2023-08-12","2023-08-24 12:14:19","2023-08-24 12:14:19","");

CREATE TABLE `siswa` (
  `id_siswa` int(20) NOT NULL AUTO_INCREMENT,
  `nis` varchar(20) NOT NULL,
  `nama` varchar(200) NOT NULL,
  `kelas` varchar(100) NOT NULL,
  `tingkat` int(2) NOT NULL,
  `id_jurusan` int(10) NOT NULL,
  `alamat` text NOT NULL,
  `no_hp` varchar(20) NOT NULL,
  `email` varchar(100) NOT NULL,
  `dibuat_pada` datetime NOT NULL DEFAULT current_timestamp(),
  `diubah_pada` datetime NOT NULL DEFAULT current_timestamp(),
  `dihapus_pada` datetime DEFAULT NULL,
  PRIMARY KEY (`id_siswa`)
) ENGINE=InnoDB AUTO_INCREMENT=39 DEFAULT CHARSET=utf8mb4;

INSERT INTO siswa VALUES
("4","4949","Aline Syahfitri","XII RPL","12","1","JL.Mersada, No 1 Kuta Utara , Badung.","081805594344","aline123@gmail.com","2023-09-05 06:55:19","2023-09-05 06:55:19",""),
("5","4950","Bezliel Cahya Yehuda","XII RPL","12","1","JL.Gunung Andakasa, Gg.Matahari 1A","085738055323","yehuda123@gmail.com","2023-09-05 06:58:01","2023-09-05 06:58:01",""),
("6","4951","Fibri Wiliana Putri","XII RPL","12","1","JL Dalung","081339682031","fibri123@gmail.com","2023-09-05 07:02:01","2023-09-05 07:02:01",""),
("7","4952","Gede Andi Perayoga","XII RPL","12","1","JL. Raya Anyar, No 16,Kerobokan Kuta Utara","08786063563","ijo123@gmail.com","2023-09-05 07:04:24","2023-09-05 07:04:24",""),
("9","4953","I Gede Erick Fujianto Lila","XII RPL","12","1","JL. Kubu Gunung, Gg. Mawar,No 77x","085973912032","erik123@gmail.com","2023-09-05 08:47:50","2023-09-05 08:47:50",""),
("10","4954","I Puyu Arya Adi Susena","XII RPL","12","1","Jl Patma Utara,No 524","089661718111","tusena123@gmail.com","2023-09-05 08:49:58","2023-09-05 08:49:58",""),
("11","4955","Komang Risma Pradnyani","XII RPL","12","1","Jll Dalung Permai","085792958529","risma123@gmail.com","2023-09-05 09:40:01","2023-09-05 09:40:01",""),
("12","4956","Magdalena Febiayu Kantur","XII RPL","12","1","Jl. Abianbase","081246401384","entin123@gmail.com","2023-09-05 09:41:23","2023-09-05 09:41:23",""),
("13","4957","Nasywa Ramadhani","XII RPL","12","1","Jl Gunung Agung","085857972058","nasywa123@gmail.com","2023-09-05 09:43:00","2023-09-05 09:43:00",""),
("14","4958","Ni kadek Swandewi","XII RPL","12","1","Jl Tibubeneng","087860052445","swandewi123@gmail.com","2023-09-05 09:44:07","2023-09-05 09:44:07",""),
("16","4959","Ni Kadek Nina Antari","XII RPL","12","1","Jl Kapal","08985337373","nina123@gmail.com","2023-09-05 10:25:53","2023-09-05 10:25:53",""),
("17","4960","Ni Luh Chelsea Widyadari","XII RPL","12","1","Jl Tibubeneng","087734632004","chelsea12@gmail.com","2023-09-05 10:27:32","2023-09-05 10:27:32",""),
("18","4961","Ni Luh Putu Diah Martiani","XII RPL","12","1","JL Dalung Permai","0895394536866","diah12@gmail.com","2023-09-05 10:29:16","2023-09-05 10:29:16",""),
("19","4962","Ni Putu Nia Pradnyani Oktaviani","XII RPL","12","1","Jl Tanah Lot Tabanan","089508466041","nia123@gmail.com","2023-09-05 10:30:55","2023-09-05 10:30:55",""),
("20","4963","William Jacobus Felanuel","XII RPL","12","1","JL Penoa Dalung Permai","081917913625","wil12@gmail.com","2023-09-05 10:32:28","2023-09-05 10:32:28",""),
("21","4944","Zaid Assya Yudah","XII RPL","12","1","Jl. Tegal Dukuh Selatan,Gg Srikaya II, No 1.","085738910245","zaid12@gmail.com","2023-09-05 10:38:33","2023-09-05 10:38:33",""),
("22","4965","Dewa Made Martha Abimayu","XII RPL","12","1","JL Arjuna No 2 Abianbase-Dalung","085738014582","dewa12@gmail.com","2023-09-05 10:40:27","2023-09-05 10:40:27",""),
("23","4966","Ferell Feivel Waworuntu","XII RPL","12","1","Jl. Pura Demak Denpasar","081239182412","ferrel12@gmail.com","2023-09-05 10:42:13","2023-09-05 10:42:13",""),
("24","4910","Dwipa Aditya","XII Kuliner","12","2","Jl.Gunung","098875644","dwipa11@gmail.com","2023-09-12 08:13:18","2023-09-12 08:13:18",""),
("25","4911","Fahmi Sitopang","XII Kuliner","12","2","Jl.kalijugan,13 abiangumi","098777666","fahmi12@gmail.com","2023-09-12 08:15:16","2023-09-12 08:15:16",""),
("26","4912","Gundam Karya","XII Kuliner","12","2","Jl.Denpasar barat,134","098887625","gundam12@gmail.com","2023-09-12 08:16:42","2023-09-12 08:16:42",""),
("27","4913","Koli Kantara","","12","2","Jl.Dalung Permai,24","0998766655","koli@gmail.com","2023-09-12 08:18:07","2023-09-12 08:18:07",""),
("28","4914","Agung Bagus","XII Kuliner","12","2","Jl.Kuta Selatan 245","09845567734","agung12@gmail.com","2023-09-12 08:19:29","2023-09-12 08:19:29",""),
("29","4915","Yutaminuop","XII Perhotelan","12","4","Jl.perumahan Dalung Kuta","0857688745","yuta12@gmail.com","2023-09-12 08:20:44","2023-09-12 08:20:44",""),
("30","4916","Deva Aditya","XII Perhotelan","12","4","Jl Graha Mandiri Permai,34","08196533","deva12@gmail.com","2023-09-12 08:21:59","2023-09-12 08:21:59",""),
("31","4917","Gotama Prahuta","XII Perhotelan","12","4","Jl.Denpasar Barat","08546735","gotama123@gmail.com","2023-09-12 08:23:15","2023-09-12 08:23:15",""),
("32","4918","Sandiaga Uno","XII Perhotelan","12","4","Jl.Grumabun 15","098876899","uno123@gmail.com","2023-09-12 08:25:22","2023-09-12 08:25:22",""),
("33","4919","Made Gamberuh","XII Perhotelan","12","4","Jl.Mahendradata No 243","087654332","made123@gmail.com","2023-09-12 08:26:48","2023-09-12 08:26:48",""),
("34","4920","Leha ","","12","3","Jl.Buleleng busung biu 3","098775674","leha124@gmail.com","2023-09-12 08:28:19","2023-09-12 08:28:19",""),
("35","4921","Nely ","","12","3","Jl Tibubeneng 45","098864745","neli123@gmail.com","2023-09-12 08:29:09","2023-09-12 08:29:09",""),
("36","4922","Yuta Maharani","","12","3","Jl Dalung BVumi Kertha","09985677","yuta123@gmail.com","2023-09-12 08:29:51","2023-09-12 08:29:51",""),
("37","4923","Nita ","","12","3","Jl Denpasar Berat 35","0856754343","nita12@gmail.com","2023-09-12 08:31:00","2023-09-12 08:31:00",""),
("38","4924","laura Permata Sari","","12","3","Jl.Denpasar Selatan 35","08345662","laura123@gmail.com","2023-09-12 08:32:52","2023-09-12 08:32:52","");

CREATE TABLE `tagihan` (
  `id_tagihan` int(50) NOT NULL AUTO_INCREMENT,
  `id_biaya` int(50) NOT NULL,
  `id_siswa` int(50) NOT NULL,
  `kelas` varchar(50) NOT NULL,
  `keterangan` varchar(200) NOT NULL,
  `potongan` int(20) NOT NULL DEFAULT 0,
  `total_terbayar` int(20) NOT NULL DEFAULT 0,
  `dibuat_pada` datetime NOT NULL DEFAULT current_timestamp(),
  `diubah_pada` datetime NOT NULL DEFAULT current_timestamp(),
  `dihapus_pada` datetime DEFAULT NULL,
  PRIMARY KEY (`id_tagihan`)
) ENGINE=InnoDB AUTO_INCREMENT=253 DEFAULT CHARSET=utf8mb4;

INSERT INTO tagihan VALUES
("1","10","4","XII RPL","","0","0","2023-10-12 10:26:52","2023-10-12 10:26:52",""),
("2","11","4","XII RPL","","0","446000","2023-10-12 10:26:52","2023-10-12 10:26:52",""),
("3","12","4","XII RPL","","0","446000","2023-10-12 10:26:52","2023-10-12 10:26:52",""),
("4","13","4","XII RPL","","0","0","2023-10-12 10:26:52","2023-10-12 10:26:52",""),
("5","14","4","XII RPL","","0","0","2023-10-12 10:26:52","2023-10-12 10:26:52",""),
("6","15","4","XII RPL","","0","0","2023-10-12 10:26:52","2023-10-12 10:26:52",""),
("7","16","4","XII RPL","","0","0","2023-10-12 10:26:52","2023-10-12 10:26:52",""),
("8","17","4","XII RPL","","0","0","2023-10-12 10:26:52","2023-10-12 10:26:52",""),
("9","18","4","XII RPL","","0","0","2023-10-12 10:26:52","2023-10-12 10:26:52",""),
("10","19","4","XII RPL","","0","0","2023-10-12 10:26:53","2023-10-12 10:26:53",""),
("11","20","4","XII RPL","","0","0","2023-10-12 10:26:53","2023-10-12 10:26:53",""),
("12","21","4","XII RPL","","0","0","2023-10-12 10:26:53","2023-10-12 10:26:53",""),
("13","22","4","XII RPL","","0","1000000","2023-10-12 10:26:53","2023-10-12 10:26:53",""),
("14","23","4","XII RPL","","0","0","2023-10-12 10:26:53","2023-10-12 10:26:53",""),
("15","10","5","XII RPL","","0","0","2023-10-12 10:26:53","2023-10-12 10:26:53",""),
("16","11","5","XII RPL","","0","446000","2023-10-12 10:26:53","2023-10-12 10:26:53",""),
("17","12","5","XII RPL","","0","446000","2023-10-12 10:26:53","2023-10-12 10:26:53",""),
("18","13","5","XII RPL","","0","0","2023-10-12 10:26:53","2023-10-12 10:26:53",""),
("19","14","5","XII RPL","","0","0","2023-10-12 10:26:53","2023-10-12 10:26:53",""),
("20","15","5","XII RPL","","0","0","2023-10-12 10:26:53","2023-10-12 10:26:53",""),
("21","16","5","XII RPL","","0","0","2023-10-12 10:26:53","2023-10-12 10:26:53",""),
("22","17","5","XII RPL","","0","0","2023-10-12 10:26:53","2023-10-12 10:26:53",""),
("23","18","5","XII RPL","","0","0","2023-10-12 10:26:53","2023-10-12 10:26:53",""),
("24","19","5","XII RPL","","0","0","2023-10-12 10:26:53","2023-10-12 10:26:53",""),
("25","20","5","XII RPL","","0","0","2023-10-12 10:26:53","2023-10-12 10:26:53",""),
("26","21","5","XII RPL","","0","0","2023-10-12 10:26:53","2023-10-12 10:26:53",""),
("27","22","5","XII RPL","","0","574000","2023-10-12 10:26:53","2023-10-12 10:26:53",""),
("28","23","5","XII RPL","","0","0","2023-10-12 10:26:53","2023-10-12 10:26:53",""),
("29","10","6","XII RPL","","0","0","2023-10-12 10:26:53","2023-10-12 10:26:53",""),
("30","11","6","XII RPL","","0","446000","2023-10-12 10:26:53","2023-10-12 10:26:53",""),
("31","12","6","XII RPL","","0","446000","2023-10-12 10:26:53","2023-10-12 10:26:53",""),
("32","13","6","XII RPL","","0","0","2023-10-12 10:26:53","2023-10-12 10:26:53",""),
("33","14","6","XII RPL","","0","0","2023-10-12 10:26:53","2023-10-12 10:26:53",""),
("34","15","6","XII RPL","","0","0","2023-10-12 10:26:53","2023-10-12 10:26:53",""),
("35","16","6","XII RPL","","0","0","2023-10-12 10:26:53","2023-10-12 10:26:53",""),
("36","17","6","XII RPL","","0","0","2023-10-12 10:26:53","2023-10-12 10:26:53",""),
("37","18","6","XII RPL","","0","0","2023-10-12 10:26:53","2023-10-12 10:26:53",""),
("38","19","6","XII RPL","","0","0","2023-10-12 10:26:53","2023-10-12 10:26:53",""),
("39","20","6","XII RPL","","0","0","2023-10-12 10:26:53","2023-10-12 10:26:53",""),
("40","21","6","XII RPL","","0","0","2023-10-12 10:26:54","2023-10-12 10:26:54",""),
("41","22","6","XII RPL","","0","554000","2023-10-12 10:26:54","2023-10-12 10:26:54",""),
("42","23","6","XII RPL","","0","0","2023-10-12 10:26:54","2023-10-12 10:26:54",""),
("43","10","7","XII RPL","","0","446001","2023-10-12 10:26:54","2023-10-12 10:26:54",""),
("44","11","7","XII RPL","","0","446000","2023-10-12 10:26:54","2023-10-12 10:26:54",""),
("45","12","7","XII RPL","","0","446000","2023-10-12 10:26:54","2023-10-12 10:26:54",""),
("46","13","7","XII RPL","","0","161999","2023-10-12 10:26:54","2023-10-12 10:26:54",""),
("47","14","7","XII RPL","","0","0","2023-10-12 10:26:54","2023-10-12 10:26:54",""),
("48","15","7","XII RPL","","0","0","2023-10-12 10:26:54","2023-10-12 10:26:54",""),
("49","16","7","XII RPL","","0","0","2023-10-12 10:26:54","2023-10-12 10:26:54",""),
("50","17","7","XII RPL","","0","0","2023-10-12 10:26:54","2023-10-12 10:26:54",""),
("51","18","7","XII RPL","","0","0","2023-10-12 10:26:54","2023-10-12 10:26:54",""),
("52","19","7","XII RPL","","0","0","2023-10-12 10:26:54","2023-10-12 10:26:54",""),
("53","20","7","XII RPL","","0","0","2023-10-12 10:26:54","2023-10-12 10:26:54",""),
("54","21","7","XII RPL","","0","0","2023-10-12 10:26:54","2023-10-12 10:26:54",""),
("55","22","7","XII RPL","","0","2500000","2023-10-12 10:26:54","2023-10-12 10:26:54",""),
("56","23","7","XII RPL","","0","0","2023-10-12 10:26:54","2023-10-12 10:26:54",""),
("57","10","9","XII RPL","","0","0","2023-10-12 10:26:54","2023-10-12 10:26:54",""),
("58","11","9","XII RPL","","0","446000","2023-10-12 10:26:54","2023-10-12 10:26:54",""),
("59","12","9","XII RPL","","0","446000","2023-10-12 10:26:54","2023-10-12 10:26:54",""),
("60","13","9","XII RPL","","0","0","2023-10-12 10:26:54","2023-10-12 10:26:54",""),
("61","14","9","XII RPL","","0","0","2023-10-12 10:26:54","2023-10-12 10:26:54",""),
("62","15","9","XII RPL","","0","0","2023-10-12 10:26:54","2023-10-12 10:26:54",""),
("63","16","9","XII RPL","","0","0","2023-10-12 10:26:54","2023-10-12 10:26:54",""),
("64","17","9","XII RPL","","0","0","2023-10-12 10:26:54","2023-10-12 10:26:54",""),
("65","18","9","XII RPL","","0","0","2023-10-12 10:26:54","2023-10-12 10:26:54",""),
("66","19","9","XII RPL","","0","0","2023-10-12 10:26:54","2023-10-12 10:26:54",""),
("67","20","9","XII RPL","","0","0","2023-10-12 10:26:55","2023-10-12 10:26:55",""),
("68","21","9","XII RPL","","0","0","2023-10-12 10:26:55","2023-10-12 10:26:55",""),
("69","22","9","XII RPL","","0","1108000","2023-10-12 10:26:55","2023-10-12 10:26:55",""),
("70","23","9","XII RPL","","0","0","2023-10-12 10:26:55","2023-10-12 10:26:55",""),
("71","10","10","XII RPL","","0","0","2023-10-12 10:26:55","2023-10-12 10:26:55",""),
("72","11","10","XII RPL","","0","446000","2023-10-12 10:26:55","2023-10-12 10:26:55",""),
("73","12","10","XII RPL","","0","446000","2023-10-12 10:26:55","2023-10-12 10:26:55",""),
("74","13","10","XII RPL","","0","0","2023-10-12 10:26:55","2023-10-12 10:26:55",""),
("75","14","10","XII RPL","","0","0","2023-10-12 10:26:55","2023-10-12 10:26:55",""),
("76","15","10","XII RPL","","0","0","2023-10-12 10:26:55","2023-10-12 10:26:55",""),
("77","16","10","XII RPL","","0","0","2023-10-12 10:26:55","2023-10-12 10:26:55",""),
("78","17","10","XII RPL","","0","0","2023-10-12 10:26:55","2023-10-12 10:26:55",""),
("79","18","10","XII RPL","","0","0","2023-10-12 10:26:55","2023-10-12 10:26:55",""),
("80","19","10","XII RPL","","0","0","2023-10-12 10:26:55","2023-10-12 10:26:55",""),
("81","20","10","XII RPL","","0","0","2023-10-12 10:26:55","2023-10-12 10:26:55",""),
("82","21","10","XII RPL","","0","0","2023-10-12 10:26:55","2023-10-12 10:26:55",""),
("83","22","10","XII RPL","","0","54000","2023-10-12 10:26:55","2023-10-12 10:26:55",""),
("84","23","10","XII RPL","","0","0","2023-10-12 10:26:55","2023-10-12 10:26:55",""),
("85","10","11","XII RPL","","0","0","2023-10-12 10:26:55","2023-10-12 10:26:55",""),
("86","11","11","XII RPL","","0","446000","2023-10-12 10:26:55","2023-10-12 10:26:55",""),
("87","12","11","XII RPL","","0","446000","2023-10-12 10:26:55","2023-10-12 10:26:55",""),
("88","13","11","XII RPL","","0","0","2023-10-12 10:26:55","2023-10-12 10:26:55",""),
("89","14","11","XII RPL","","0","0","2023-10-12 10:26:55","2023-10-12 10:26:55",""),
("90","15","11","XII RPL","","0","0","2023-10-12 10:26:55","2023-10-12 10:26:55",""),
("91","16","11","XII RPL","","0","0","2023-10-12 10:26:55","2023-10-12 10:26:55",""),
("92","17","11","XII RPL","","0","0","2023-10-12 10:26:55","2023-10-12 10:26:55",""),
("93","18","11","XII RPL","","0","0","2023-10-12 10:26:55","2023-10-12 10:26:55",""),
("94","19","11","XII RPL","","0","0","2023-10-12 10:26:55","2023-10-12 10:26:55",""),
("95","20","11","XII RPL","","0","0","2023-10-12 10:26:55","2023-10-12 10:26:55",""),
("96","21","11","XII RPL","","0","0","2023-10-12 10:26:55","2023-10-12 10:26:55",""),
("97","22","11","XII RPL","","0","8000","2023-10-12 10:26:55","2023-10-12 10:26:55",""),
("98","23","11","XII RPL","","0","0","2023-10-12 10:26:55","2023-10-12 10:26:55",""),
("99","10","12","XII RPL","","0","0","2023-10-12 10:26:55","2023-10-12 10:26:55",""),
("100","11","12","XII RPL","","0","446000","2023-10-12 10:26:56","2023-10-12 10:26:56","");
INSERT INTO tagihan VALUES
("101","12","12","XII RPL","","0","446000","2023-10-12 10:26:56","2023-10-12 10:26:56",""),
("102","13","12","XII RPL","","0","0","2023-10-12 10:26:56","2023-10-12 10:26:56",""),
("103","14","12","XII RPL","","0","0","2023-10-12 10:26:56","2023-10-12 10:26:56",""),
("104","15","12","XII RPL","","0","0","2023-10-12 10:26:56","2023-10-12 10:26:56",""),
("105","16","12","XII RPL","","0","0","2023-10-12 10:26:56","2023-10-12 10:26:56",""),
("106","17","12","XII RPL","","0","0","2023-10-12 10:26:56","2023-10-12 10:26:56",""),
("107","18","12","XII RPL","","0","0","2023-10-12 10:26:56","2023-10-12 10:26:56",""),
("108","19","12","XII RPL","","0","0","2023-10-12 10:26:56","2023-10-12 10:26:56",""),
("109","20","12","XII RPL","","0","0","2023-10-12 10:26:56","2023-10-12 10:26:56",""),
("110","21","12","XII RPL","","0","0","2023-10-12 10:26:56","2023-10-12 10:26:56",""),
("111","22","12","XII RPL","","0","108000","2023-10-12 10:26:56","2023-10-12 10:26:56",""),
("112","23","12","XII RPL","","0","0","2023-10-12 10:26:56","2023-10-12 10:26:56",""),
("113","10","13","XII RPL","","0","0","2023-10-12 10:26:56","2023-10-12 10:26:56",""),
("114","11","13","XII RPL","","0","0","2023-10-12 10:26:56","2023-10-12 10:26:56",""),
("115","12","13","XII RPL","","0","0","2023-10-12 10:26:56","2023-10-12 10:26:56",""),
("116","13","13","XII RPL","","0","0","2023-10-12 10:26:56","2023-10-12 10:26:56",""),
("117","14","13","XII RPL","","0","0","2023-10-12 10:26:56","2023-10-12 10:26:56",""),
("118","15","13","XII RPL","","0","0","2023-10-12 10:26:56","2023-10-12 10:26:56",""),
("119","16","13","XII RPL","","0","0","2023-10-12 10:26:56","2023-10-12 10:26:56",""),
("120","17","13","XII RPL","","0","0","2023-10-12 10:26:56","2023-10-12 10:26:56",""),
("121","18","13","XII RPL","","0","0","2023-10-12 10:26:57","2023-10-12 10:26:57",""),
("122","19","13","XII RPL","","0","0","2023-10-12 10:26:57","2023-10-12 10:26:57",""),
("123","20","13","XII RPL","","0","0","2023-10-12 10:26:57","2023-10-12 10:26:57",""),
("124","21","13","XII RPL","","0","0","2023-10-12 10:26:57","2023-10-12 10:26:57",""),
("125","22","13","XII RPL","","0","0","2023-10-12 10:26:57","2023-10-12 10:26:57",""),
("126","23","13","XII RPL","","0","0","2023-10-12 10:26:57","2023-10-12 10:26:57",""),
("127","10","14","XII RPL","","0","0","2023-10-12 10:26:57","2023-10-12 10:26:57",""),
("128","11","14","XII RPL","","0","0","2023-10-12 10:26:57","2023-10-12 10:26:57",""),
("129","12","14","XII RPL","","0","0","2023-10-12 10:26:57","2023-10-12 10:26:57",""),
("130","13","14","XII RPL","","0","0","2023-10-12 10:26:57","2023-10-12 10:26:57",""),
("131","14","14","XII RPL","","0","0","2023-10-12 10:26:57","2023-10-12 10:26:57",""),
("132","15","14","XII RPL","","0","0","2023-10-12 10:26:57","2023-10-12 10:26:57",""),
("133","16","14","XII RPL","","0","0","2023-10-12 10:26:57","2023-10-12 10:26:57",""),
("134","17","14","XII RPL","","0","0","2023-10-12 10:26:57","2023-10-12 10:26:57",""),
("135","18","14","XII RPL","","0","0","2023-10-12 10:26:57","2023-10-12 10:26:57",""),
("136","19","14","XII RPL","","0","0","2023-10-12 10:26:57","2023-10-12 10:26:57",""),
("137","20","14","XII RPL","","0","0","2023-10-12 10:26:57","2023-10-12 10:26:57",""),
("138","21","14","XII RPL","","0","0","2023-10-12 10:26:57","2023-10-12 10:26:57",""),
("139","22","14","XII RPL","","0","0","2023-10-12 10:26:57","2023-10-12 10:26:57",""),
("140","23","14","XII RPL","","0","0","2023-10-12 10:26:57","2023-10-12 10:26:57",""),
("141","10","16","XII RPL","","0","0","2023-10-12 10:26:57","2023-10-12 10:26:57",""),
("142","11","16","XII RPL","","0","0","2023-10-12 10:26:57","2023-10-12 10:26:57",""),
("143","12","16","XII RPL","","0","0","2023-10-12 10:26:57","2023-10-12 10:26:57",""),
("144","13","16","XII RPL","","0","0","2023-10-12 10:26:57","2023-10-12 10:26:57",""),
("145","14","16","XII RPL","","0","0","2023-10-12 10:26:58","2023-10-12 10:26:58",""),
("146","15","16","XII RPL","","0","0","2023-10-12 10:26:58","2023-10-12 10:26:58",""),
("147","16","16","XII RPL","","0","0","2023-10-12 10:26:58","2023-10-12 10:26:58",""),
("148","17","16","XII RPL","","0","0","2023-10-12 10:26:58","2023-10-12 10:26:58",""),
("149","18","16","XII RPL","","0","0","2023-10-12 10:26:58","2023-10-12 10:26:58",""),
("150","19","16","XII RPL","","0","0","2023-10-12 10:26:58","2023-10-12 10:26:58",""),
("151","20","16","XII RPL","","0","0","2023-10-12 10:26:58","2023-10-12 10:26:58",""),
("152","21","16","XII RPL","","0","0","2023-10-12 10:26:58","2023-10-12 10:26:58",""),
("153","22","16","XII RPL","","0","0","2023-10-12 10:26:58","2023-10-12 10:26:58",""),
("154","23","16","XII RPL","","0","0","2023-10-12 10:26:58","2023-10-12 10:26:58",""),
("155","10","17","XII RPL","","0","0","2023-10-12 10:26:58","2023-10-12 10:26:58",""),
("156","11","17","XII RPL","","0","446000","2023-10-12 10:26:58","2023-10-12 10:26:58",""),
("157","12","17","XII RPL","","0","446000","2023-10-12 10:26:58","2023-10-12 10:26:58",""),
("158","13","17","XII RPL","","0","0","2023-10-12 10:26:58","2023-10-12 10:26:58",""),
("159","14","17","XII RPL","","0","0","2023-10-12 10:26:58","2023-10-12 10:26:58",""),
("160","15","17","XII RPL","","0","0","2023-10-12 10:26:58","2023-10-12 10:26:58",""),
("161","16","17","XII RPL","","0","0","2023-10-12 10:26:58","2023-10-12 10:26:58",""),
("162","17","17","XII RPL","","0","0","2023-10-12 10:26:58","2023-10-12 10:26:58",""),
("163","18","17","XII RPL","","0","0","2023-10-12 10:26:58","2023-10-12 10:26:58",""),
("164","19","17","XII RPL","","0","0","2023-10-12 10:26:58","2023-10-12 10:26:58",""),
("165","20","17","XII RPL","","0","0","2023-10-12 10:26:58","2023-10-12 10:26:58",""),
("166","21","17","XII RPL","","0","0","2023-10-12 10:26:58","2023-10-12 10:26:58",""),
("167","22","17","XII RPL","","0","1108000","2023-10-12 10:26:58","2023-10-12 10:26:58",""),
("168","23","17","XII RPL","","0","0","2023-10-12 10:26:58","2023-10-12 10:26:58",""),
("169","10","18","XII RPL","","0","0","2023-10-12 10:26:58","2023-10-12 10:26:58",""),
("170","11","18","XII RPL","","0","0","2023-10-12 10:26:58","2023-10-12 10:26:58",""),
("171","12","18","XII RPL","","0","0","2023-10-12 10:26:58","2023-10-12 10:26:58",""),
("172","13","18","XII RPL","","0","0","2023-10-12 10:26:58","2023-10-12 10:26:58",""),
("173","14","18","XII RPL","","0","0","2023-10-12 10:26:58","2023-10-12 10:26:58",""),
("174","15","18","XII RPL","","0","0","2023-10-12 10:26:59","2023-10-12 10:26:59",""),
("175","16","18","XII RPL","","0","0","2023-10-12 10:26:59","2023-10-12 10:26:59",""),
("176","17","18","XII RPL","","0","0","2023-10-12 10:26:59","2023-10-12 10:26:59",""),
("177","18","18","XII RPL","","0","0","2023-10-12 10:26:59","2023-10-12 10:26:59",""),
("178","19","18","XII RPL","","0","0","2023-10-12 10:26:59","2023-10-12 10:26:59",""),
("179","20","18","XII RPL","","0","0","2023-10-12 10:26:59","2023-10-12 10:26:59",""),
("180","21","18","XII RPL","","0","0","2023-10-12 10:26:59","2023-10-12 10:26:59",""),
("181","22","18","XII RPL","","0","0","2023-10-12 10:26:59","2023-10-12 10:26:59",""),
("182","23","18","XII RPL","","0","0","2023-10-12 10:26:59","2023-10-12 10:26:59",""),
("183","10","19","XII RPL","","0","0","2023-10-12 10:26:59","2023-10-12 10:26:59",""),
("184","11","19","XII RPL","","0","0","2023-10-12 10:26:59","2023-10-12 10:26:59",""),
("185","12","19","XII RPL","","0","0","2023-10-12 10:26:59","2023-10-12 10:26:59",""),
("186","13","19","XII RPL","","0","0","2023-10-12 10:26:59","2023-10-12 10:26:59",""),
("187","14","19","XII RPL","","0","0","2023-10-12 10:26:59","2023-10-12 10:26:59",""),
("188","15","19","XII RPL","","0","0","2023-10-12 10:26:59","2023-10-12 10:26:59",""),
("189","16","19","XII RPL","","0","0","2023-10-12 10:26:59","2023-10-12 10:26:59",""),
("190","17","19","XII RPL","","0","0","2023-10-12 10:26:59","2023-10-12 10:26:59",""),
("191","18","19","XII RPL","","0","0","2023-10-12 10:26:59","2023-10-12 10:26:59",""),
("192","19","19","XII RPL","","0","0","2023-10-12 10:26:59","2023-10-12 10:26:59",""),
("193","20","19","XII RPL","","0","0","2023-10-12 10:26:59","2023-10-12 10:26:59",""),
("194","21","19","XII RPL","","0","0","2023-10-12 10:26:59","2023-10-12 10:26:59",""),
("195","22","19","XII RPL","","0","0","2023-10-12 10:26:59","2023-10-12 10:26:59",""),
("196","23","19","XII RPL","","0","0","2023-10-12 10:26:59","2023-10-12 10:26:59",""),
("197","10","20","XII RPL","","0","0","2023-10-12 10:26:59","2023-10-12 10:26:59",""),
("198","11","20","XII RPL","","0","0","2023-10-12 10:26:59","2023-10-12 10:26:59",""),
("199","12","20","XII RPL","","0","0","2023-10-12 10:26:59","2023-10-12 10:26:59",""),
("200","13","20","XII RPL","","0","0","2023-10-12 10:26:59","2023-10-12 10:26:59","");
INSERT INTO tagihan VALUES
("201","14","20","XII RPL","","0","0","2023-10-12 10:26:59","2023-10-12 10:26:59",""),
("202","15","20","XII RPL","","0","0","2023-10-12 10:26:59","2023-10-12 10:26:59",""),
("203","16","20","XII RPL","","0","0","2023-10-12 10:26:59","2023-10-12 10:26:59",""),
("204","17","20","XII RPL","","0","0","2023-10-12 10:26:59","2023-10-12 10:26:59",""),
("205","18","20","XII RPL","","0","0","2023-10-12 10:26:59","2023-10-12 10:26:59",""),
("206","19","20","XII RPL","","0","0","2023-10-12 10:27:00","2023-10-12 10:27:00",""),
("207","20","20","XII RPL","","0","0","2023-10-12 10:27:00","2023-10-12 10:27:00",""),
("208","21","20","XII RPL","","0","0","2023-10-12 10:27:00","2023-10-12 10:27:00",""),
("209","22","20","XII RPL","","0","0","2023-10-12 10:27:00","2023-10-12 10:27:00",""),
("210","23","20","XII RPL","","0","0","2023-10-12 10:27:00","2023-10-12 10:27:00",""),
("211","10","21","XII RPL","","0","0","2023-10-12 10:27:00","2023-10-12 10:27:00",""),
("212","11","21","XII RPL","","0","0","2023-10-12 10:27:00","2023-10-12 10:27:00",""),
("213","12","21","XII RPL","","0","0","2023-10-12 10:27:00","2023-10-12 10:27:00",""),
("214","13","21","XII RPL","","0","0","2023-10-12 10:27:00","2023-10-12 10:27:00",""),
("215","14","21","XII RPL","","0","0","2023-10-12 10:27:00","2023-10-12 10:27:00",""),
("216","15","21","XII RPL","","0","0","2023-10-12 10:27:00","2023-10-12 10:27:00",""),
("217","16","21","XII RPL","","0","0","2023-10-12 10:27:00","2023-10-12 10:27:00",""),
("218","17","21","XII RPL","","0","0","2023-10-12 10:27:00","2023-10-12 10:27:00",""),
("219","18","21","XII RPL","","0","0","2023-10-12 10:27:00","2023-10-12 10:27:00",""),
("220","19","21","XII RPL","","0","0","2023-10-12 10:27:00","2023-10-12 10:27:00",""),
("221","20","21","XII RPL","","0","0","2023-10-12 10:27:00","2023-10-12 10:27:00",""),
("222","21","21","XII RPL","","0","0","2023-10-12 10:27:00","2023-10-12 10:27:00",""),
("223","22","21","XII RPL","","0","0","2023-10-12 10:27:00","2023-10-12 10:27:00",""),
("224","23","21","XII RPL","","0","0","2023-10-12 10:27:00","2023-10-12 10:27:00",""),
("225","10","22","XII RPL","","0","446000","2023-10-12 10:27:01","2023-10-12 10:27:01",""),
("226","11","22","XII RPL","","0","446000","2023-10-12 10:27:01","2023-10-12 10:27:01",""),
("227","12","22","XII RPL","","0","446000","2023-10-12 10:27:01","2023-10-12 10:27:01",""),
("228","13","22","XII RPL","","0","0","2023-10-12 10:27:01","2023-10-12 10:27:01",""),
("229","14","22","XII RPL","","0","0","2023-10-12 10:27:01","2023-10-12 10:27:01",""),
("230","15","22","XII RPL","","0","0","2023-10-12 10:27:01","2023-10-12 10:27:01",""),
("231","16","22","XII RPL","","0","0","2023-10-12 10:27:01","2023-10-12 10:27:01",""),
("232","17","22","XII RPL","","0","0","2023-10-12 10:27:01","2023-10-12 10:27:01",""),
("233","18","22","XII RPL","","0","0","2023-10-12 10:27:01","2023-10-12 10:27:01",""),
("234","19","22","XII RPL","","0","0","2023-10-12 10:27:01","2023-10-12 10:27:01",""),
("235","20","22","XII RPL","","0","0","2023-10-12 10:27:01","2023-10-12 10:27:01",""),
("236","21","22","XII RPL","","0","0","2023-10-12 10:27:01","2023-10-12 10:27:01",""),
("237","22","22","XII RPL","","0","1608000","2023-10-12 10:27:01","2023-10-12 10:27:01",""),
("238","23","22","XII RPL","","0","0","2023-10-12 10:27:01","2023-10-12 10:27:01",""),
("239","10","23","XII RPL","","0","0","2023-10-12 10:27:01","2023-10-12 10:27:01",""),
("240","11","23","XII RPL","","0","446000","2023-10-12 10:27:01","2023-10-12 10:27:01",""),
("241","12","23","XII RPL","","0","446000","2023-10-12 10:27:01","2023-10-12 10:27:01",""),
("242","13","23","XII RPL","","0","0","2023-10-12 10:27:01","2023-10-12 10:27:01",""),
("243","14","23","XII RPL","","0","0","2023-10-12 10:27:01","2023-10-12 10:27:01",""),
("244","15","23","XII RPL","","0","0","2023-10-12 10:27:01","2023-10-12 10:27:01",""),
("245","16","23","XII RPL","","0","0","2023-10-12 10:27:01","2023-10-12 10:27:01",""),
("246","17","23","XII RPL","","0","0","2023-10-12 10:27:01","2023-10-12 10:27:01",""),
("247","18","23","XII RPL","","0","0","2023-10-12 10:27:01","2023-10-12 10:27:01",""),
("248","19","23","XII RPL","","0","0","2023-10-12 10:27:01","2023-10-12 10:27:01",""),
("249","20","23","XII RPL","","0","0","2023-10-12 10:27:01","2023-10-12 10:27:01",""),
("250","21","23","XII RPL","","0","0","2023-10-12 10:27:01","2023-10-12 10:27:01",""),
("251","22","23","XII RPL","","0","1054000","2023-10-12 10:27:01","2023-10-12 10:27:01",""),
("252","23","23","XII RPL","","0","0","2023-10-12 10:27:01","2023-10-12 10:27:01","");

CREATE TABLE `user` (
  `id_user` int(50) NOT NULL AUTO_INCREMENT,
  `nama` varchar(200) NOT NULL,
  `username` varchar(200) NOT NULL,
  `password` varchar(200) NOT NULL,
  `hak_akses` int(1) NOT NULL,
  `dibuat_pada` datetime NOT NULL DEFAULT current_timestamp(),
  `diubah_pada` datetime NOT NULL DEFAULT current_timestamp(),
  `dihapus_pada` datetime DEFAULT NULL,
  PRIMARY KEY (`id_user`)
) ENGINE=InnoDB AUTO_INCREMENT=8 DEFAULT CHARSET=utf8mb4;

INSERT INTO user VALUES
("7","Abimayu","admin","admin","1","2023-08-24 08:56:42","2023-08-24 08:56:42","");